Time,Tank1 Level,Tank2 Level
0.1,0,0
0.2,0,0
0.30000000000000004,0,0
0.4,0,0
0.5,0,0
0.6,0,0
0.7,0,0
0.7999999999999999,0,0
0.8999999999999999,0,0
0.9999999999999999,0,0
1.0999999999999999,0,0
1.2,0,0
1.3,0,0
1.4000000000000001,0,0
1.5000000000000002,0,0
1.6000000000000003,0,0
1.7000000000000004,0,0
1.8000000000000005,0,0
1.9000000000000006,0,0
2.0000000000000004,0,0
2.1000000000000005,0,0
2.2000000000000006,0,0
2.3000000000000007,0,0
2.400000000000001,0,0
2.500000000000001,0,0
2.600000000000001,0,0
2.700000000000001,0,0
2.800000000000001,0,0
2.9000000000000012,0,0
3.0000000000000013,0,0
3.1000000000000014,0,0
3.2000000000000015,0,0
3.3000000000000016,0,0
3.4000000000000017,0,0
3.5000000000000018,0.1,0.1
3.600000000000002,0.2,0.2
3.700000000000002,0.30000000000000004,0.30000000000000004
3.800000000000002,0.4,0.4
3.900000000000002,0.5,0.5
4.000000000000002,0.6,0.6
4.100000000000001,0.7,0.7
4.200000000000001,0.7999999999999999,0.7999999999999999
4.300000000000001,0.8999999999999999,0.8999999999999999
4.4,0.9999999999999999,0.9999999999999999
4.5,1.0999999999999999,1.0999999999999999
4.6,1.2,1.2
4.699999999999999,1.3,1.3
4.799999999999999,1.4000000000000001,1.4000000000000001
4.899999999999999,1.5000000000000002,1.5000000000000002
4.999999999999998,1.6000000000000003,1.6000000000000003
5.099999999999998,1.7000000000000004,1.7000000000000004
5.1999999999999975,1.8000000000000005,1.8000000000000005
5.299999999999997,1.9000000000000006,1.9000000000000006
5.399999999999997,2.0000000000000004,2.0000000000000004
5.4999999999999964,2.1000000000000005,2.1000000000000005
5.599999999999996,2.2000000000000006,2.2000000000000006
5.699999999999996,2.3000000000000007,2.3000000000000007
5.799999999999995,2.400000000000001,2.400000000000001
5.899999999999995,2.500000000000001,2.500000000000001
5.999999999999995,2.600000000000001,2.600000000000001
6.099999999999994,2.700000000000001,2.700000000000001
6.199999999999994,2.800000000000001,2.800000000000001
6.299999999999994,2.9000000000000012,2.9000000000000012
6.399999999999993,3.0000000000000013,3.0000000000000013
6.499999999999993,3.1000000000000014,3.1000000000000014
6.5999999999999925,3.2000000000000015,3.2000000000000015
6.699999999999992,3.3000000000000016,3.3000000000000016
6.799999999999992,3.4000000000000017,3.4000000000000017
6.8999999999999915,3.5000000000000018,3.5000000000000018
6.999999999999991,3.600000000000002,3.600000000000002
7.099999999999991,3.700000000000002,3.700000000000002
7.19999999999999,3.800000000000002,3.800000000000002
7.29999999999999,3.900000000000002,3.900000000000002
7.39999999999999,4.000000000000002,4.000000000000002
7.499999999999989,4.100000000000001,4.100000000000001
7.599999999999989,4.200000000000001,4.200000000000001
7.699999999999989,4.300000000000001,4.300000000000001
7.799999999999988,4.4,4.4
7.899999999999988,4.5,4.5
7.999999999999988,4.6,4.6
8.099999999999987,4.699999999999999,4.699999999999999
8.199999999999987,4.799999999999999,4.799999999999999
8.299999999999986,4.899999999999999,4.899999999999999
8.399999999999986,4.999999999999998,4.999999999999998
8.499999999999986,5.099999999999998,5.099999999999998
8.599999999999985,5.1999999999999975,5.1999999999999975
8.699999999999985,5.299999999999997,5.299999999999997
8.799999999999985,5.399999999999997,5.399999999999997
8.899999999999984,5.4999999999999964,5.4999999999999964
8.999999999999984,5.599999999999996,5.599999999999996
9.099999999999984,5.699999999999996,5.699999999999996
9.199999999999983,5.799999999999995,5.799999999999995
9.299999999999983,5.899999999999995,5.899999999999995
9.399999999999983,5.999999999999995,5.999999999999995
9.499999999999982,6.099999999999994,6.099999999999994
9.599999999999982,6.199999999999994,6.199999999999994
9.699999999999982,6.299999999999994,6.299999999999994
9.799999999999981,6.399999999999993,6.399999999999993
9.89999999999998,6.499999999999993,6.499999999999993
9.99999999999998,6.5999999999999925,6.5999999999999925
10.09999999999998,6.699999999999992,6.699999999999992
10.19999999999998,6.799999999999992,6.799999999999992
10.29999999999998,6.8999999999999915,6.8999999999999915
10.399999999999979,6.999999999999991,6.999999999999991
10.499999999999979,7.099999999999991,7.099999999999991
10.599999999999978,7.19999999999999,7.19999999999999
10.699999999999978,7.29999999999999,7.29999999999999
10.799999999999978,7.39999999999999,7.39999999999999
10.899999999999977,7.499999999999989,7.499999999999989
10.999999999999977,7.599999999999989,7.599999999999989
11.099999999999977,7.699999999999989,7.699999999999989
11.199999999999976,7.799999999999988,7.799999999999988
11.299999999999976,7.899999999999988,7.899999999999988
11.399999999999975,7.999999999999988,7.999999999999988
11.499999999999975,8.099999999999987,8.099999999999987
11.599999999999975,8.199999999999987,8.199999999999987
11.699999999999974,8.299999999999986,8.299999999999986
11.799999999999974,8.399999999999986,8.399999999999986
11.899999999999974,8.499999999999986,8.499999999999986
11.999999999999973,8.599999999999985,8.599999999999985
12.099999999999973,8.699999999999985,8.699999999999985
12.199999999999973,8.799999999999985,8.799999999999985
12.299999999999972,8.899999999999984,8.899999999999984
12.399999999999972,8.999999999999984,8.999999999999984
12.499999999999972,9.099999999999984,9.099999999999984
12.599999999999971,9.199999999999983,9.199999999999983
12.69999999999997,9.299999999999983,9.299999999999983
12.79999999999997,9.399999999999983,9.399999999999983
12.89999999999997,9.499999999999982,9.499999999999982
12.99999999999997,9.599999999999982,9.599999999999982
13.09999999999997,9.699999999999982,9.699999999999982
13.199999999999969,9.799999999999981,9.799999999999981
13.299999999999969,9.89999999999998,9.89999999999998
13.399999999999968,9.99999999999998,9.99999999999998
13.499999999999968,10.09999999999998,10.09999999999998
13.599999999999968,10.19999999999998,10.19999999999998
13.699999999999967,10.29999999999998,10.29999999999998
13.799999999999967,10.399999999999979,10.399999999999979
13.899999999999967,10.499999999999979,10.499999999999979
13.999999999999966,10.599999999999978,10.599999999999978
14.099999999999966,10.699999999999978,10.699999999999978
14.199999999999966,10.799999999999978,10.799999999999978
14.299999999999965,10.899999999999977,10.899999999999977
14.399999999999965,10.999999999999977,10.999999999999977
14.499999999999964,11.099999999999977,11.099999999999977
14.599999999999964,11.199999999999976,11.199999999999976
14.699999999999964,11.299999999999976,11.299999999999976
14.799999999999963,11.399999999999975,11.399999999999975
14.899999999999963,11.499999999999975,11.499999999999975
14.999999999999963,11.599999999999975,11.599999999999975
15.099999999999962,11.699999999999974,11.699999999999974
15.199999999999962,11.799999999999974,11.799999999999974
15.299999999999962,11.899999999999974,11.899999999999974
15.399999999999961,11.999999999999973,11.999999999999973
15.499999999999961,12.099999999999973,12.099999999999973
15.59999999999996,12.199999999999973,12.199999999999973
15.69999999999996,12.299999999999972,12.299999999999972
15.79999999999996,12.399999999999972,12.399999999999972
15.89999999999996,12.499999999999972,12.499999999999972
15.99999999999996,12.599999999999971,12.599999999999971
16.09999999999996,12.69999999999997,12.69999999999997
16.19999999999996,12.79999999999997,12.79999999999997
16.29999999999996,12.89999999999997,12.89999999999997
16.399999999999963,12.99999999999997,12.99999999999997
16.499999999999964,13.09999999999997,13.09999999999997
16.599999999999966,13.199999999999969,13.199999999999969
16.699999999999967,13.299999999999969,13.299999999999969
16.79999999999997,13.399999999999968,13.399999999999968
16.89999999999997,13.499999999999968,13.499999999999968
16.99999999999997,13.599999999999968,13.599999999999968
17.099999999999973,13.699999999999967,13.699999999999967
17.199999999999974,13.799999999999967,13.799999999999967
17.299999999999976,13.899999999999967,13.899999999999967
17.399999999999977,13.999999999999966,13.999999999999966
17.49999999999998,14.099999999999966,14.099999999999966
17.59999999999998,14.199999999999966,14.199999999999966
17.69999999999998,14.299999999999965,14.299999999999965
17.799999999999983,14.399999999999965,14.399999999999965
17.899999999999984,14.499999999999964,14.499999999999964
17.999999999999986,14.599999999999964,14.599999999999964
18.099999999999987,14.699999999999964,14.699999999999964
18.19999999999999,14.799999999999963,14.799999999999963
18.29999999999999,14.899999999999963,14.899999999999963
18.39999999999999,14.999999999999963,14.999999999999963
18.499999999999993,15.099999999999962,15.099999999999962
18.599999999999994,15.199999999999962,15.199999999999962
18.699999999999996,15.299999999999962,15.299999999999962
18.799999999999997,15.399999999999961,15.399999999999961
18.9,15.499999999999961,15.499999999999961
19.0,15.59999999999996,15.59999999999996
19.1,15.69999999999996,15.69999999999996
19.200000000000003,15.79999999999996,15.79999999999996
19.300000000000004,15.89999999999996,15.89999999999996
19.400000000000006,15.99999999999996,15.99999999999996
19.500000000000007,16.09999999999996,16.09999999999996
19.60000000000001,16.19999999999996,16.19999999999996
19.70000000000001,16.29999999999996,16.29999999999996
19.80000000000001,16.399999999999963,16.399999999999963
19.900000000000013,16.499999999999964,16.499999999999964
20.000000000000014,16.599999999999966,16.599999999999966
20.100000000000016,16.699999999999967,16.699999999999967
20.200000000000017,16.79999999999997,16.79999999999997
20.30000000000002,16.89999999999997,16.89999999999997
20.40000000000002,16.99999999999997,16.99999999999997
20.50000000000002,17.099999999999973,17.099999999999973
20.600000000000023,17.199999999999974,17.199999999999974
20.700000000000024,17.299999999999976,17.299999999999976
20.800000000000026,17.399999999999977,17.399999999999977
20.900000000000027,17.49999999999998,17.49999999999998
21.00000000000003,17.59999999999998,17.59999999999998
21.10000000000003,17.69999999999998,17.69999999999998
21.20000000000003,17.799999999999983,17.799999999999983
21.300000000000033,17.899999999999984,17.899999999999984
21.400000000000034,17.999999999999986,17.999999999999986
21.500000000000036,18.099999999999987,18.099999999999987
21.600000000000037,18.19999999999999,18.19999999999999
21.70000000000004,18.29999999999999,18.29999999999999
21.80000000000004,18.39999999999999,18.39999999999999
21.90000000000004,18.499999999999993,18.499999999999993
22.000000000000043,18.599999999999994,18.599999999999994
22.100000000000044,18.699999999999996,18.699999999999996
22.200000000000045,18.799999999999997,18.799999999999997
22.300000000000047,18.9,18.9
22.40000000000005,19.0,19.0
22.50000000000005,19.1,19.1
22.60000000000005,19.200000000000003,19.200000000000003
22.700000000000053,19.300000000000004,19.300000000000004
22.800000000000054,19.400000000000006,19.400000000000006
22.900000000000055,19.500000000000007,19.500000000000007
23.000000000000057,19.60000000000001,19.60000000000001
23.10000000000006,19.70000000000001,19.70000000000001
23.20000000000006,19.80000000000001,19.80000000000001
23.30000000000006,19.900000000000013,19.900000000000013
23.400000000000063,20.000000000000014,20.000000000000014
23.500000000000064,20.100000000000016,20.100000000000016
23.600000000000065,20.200000000000017,20.200000000000017
23.700000000000067,20.30000000000002,20.30000000000002
23.800000000000068,20.40000000000002,20.40000000000002
23.90000000000007,20.50000000000002,20.50000000000002
24.00000000000007,20.600000000000023,20.600000000000023
24.100000000000072,20.700000000000024,20.700000000000024
24.200000000000074,20.800000000000026,20.800000000000026
24.300000000000075,20.900000000000027,20.900000000000027
24.400000000000077,21.00000000000003,21.00000000000003
24.500000000000078,21.10000000000003,21.10000000000003
24.60000000000008,21.20000000000003,21.20000000000003
24.70000000000008,21.300000000000033,21.300000000000033
24.800000000000082,21.400000000000034,21.400000000000034
24.900000000000084,21.500000000000036,21.500000000000036
25.000000000000085,21.600000000000037,21.600000000000037
25.100000000000087,21.70000000000004,21.70000000000004
25.200000000000088,21.80000000000004,21.80000000000004
25.30000000000009,21.90000000000004,21.90000000000004
25.40000000000009,22.000000000000043,22.000000000000043
25.500000000000092,22.100000000000044,22.100000000000044
25.600000000000094,22.200000000000045,22.200000000000045
25.700000000000095,22.300000000000047,22.300000000000047
25.800000000000097,22.40000000000005,22.40000000000005
25.900000000000098,22.50000000000005,22.50000000000005
26.0000000000001,22.60000000000005,22.60000000000005
26.1000000000001,22.700000000000053,22.700000000000053
26.200000000000102,22.800000000000054,22.800000000000054
26.300000000000104,22.900000000000055,22.900000000000055
26.400000000000105,23.000000000000057,23.000000000000057
26.500000000000107,23.10000000000006,23.10000000000006
26.600000000000108,23.20000000000006,23.20000000000006
26.70000000000011,23.30000000000006,23.30000000000006
26.80000000000011,23.400000000000063,23.400000000000063
26.900000000000112,23.500000000000064,23.500000000000064
27.000000000000114,23.600000000000065,23.600000000000065
27.100000000000115,23.700000000000067,23.700000000000067
27.200000000000117,23.800000000000068,23.800000000000068
27.300000000000118,23.90000000000007,23.90000000000007
27.40000000000012,24.00000000000007,24.00000000000007
27.50000000000012,24.100000000000072,24.100000000000072
27.600000000000122,24.200000000000074,24.200000000000074
27.700000000000124,24.300000000000075,24.300000000000075
27.800000000000125,24.400000000000077,24.400000000000077
27.900000000000126,24.500000000000078,24.500000000000078
28.000000000000128,24.60000000000008,24.60000000000008
28.10000000000013,24.70000000000008,24.70000000000008
28.20000000000013,24.800000000000082,24.800000000000082
28.300000000000132,24.900000000000084,24.900000000000084
28.400000000000134,25.000000000000085,25.000000000000085
28.500000000000135,25.100000000000087,25.100000000000087
28.600000000000136,25.200000000000088,25.200000000000088
28.700000000000138,25.30000000000009,25.30000000000009
28.80000000000014,25.40000000000009,25.40000000000009
28.90000000000014,25.500000000000092,25.500000000000092
29.000000000000142,25.600000000000094,25.600000000000094
29.100000000000144,25.700000000000095,25.700000000000095
29.200000000000145,25.800000000000097,25.800000000000097
29.300000000000146,25.900000000000098,25.900000000000098
29.400000000000148,26.0000000000001,26.0000000000001
29.50000000000015,26.1000000000001,26.1000000000001
29.60000000000015,26.200000000000102,26.200000000000102
29.700000000000152,26.300000000000104,26.300000000000104
29.800000000000153,26.400000000000105,26.400000000000105
29.900000000000155,26.500000000000107,26.500000000000107
30.000000000000156,26.600000000000108,26.600000000000108
30.100000000000158,26.70000000000011,26.70000000000011
30.20000000000016,26.80000000000011,26.80000000000011
30.30000000000016,26.900000000000112,26.900000000000112
30.400000000000162,27.000000000000114,27.000000000000114
30.500000000000163,27.100000000000115,27.100000000000115
30.600000000000165,27.200000000000117,27.200000000000117
30.700000000000166,27.300000000000118,27.300000000000118
30.800000000000168,27.40000000000012,27.40000000000012
30.90000000000017,27.50000000000012,27.50000000000012
31.00000000000017,27.600000000000122,27.600000000000122
31.100000000000172,27.700000000000124,27.700000000000124
31.200000000000173,27.800000000000125,27.800000000000125
31.300000000000175,27.900000000000126,27.900000000000126
31.400000000000176,28.000000000000128,28.000000000000128
31.500000000000178,28.10000000000013,28.10000000000013
31.60000000000018,28.20000000000013,28.20000000000013
31.70000000000018,28.300000000000132,28.300000000000132
31.800000000000182,28.400000000000134,28.400000000000134
31.900000000000183,28.500000000000135,28.500000000000135
32.000000000000185,28.600000000000136,28.600000000000136
32.100000000000186,28.700000000000138,28.700000000000138
32.20000000000019,28.80000000000014,28.80000000000014
32.30000000000019,28.90000000000014,28.90000000000014
32.40000000000019,29.000000000000142,29.000000000000142
32.50000000000019,29.100000000000144,29.100000000000144
32.60000000000019,29.200000000000145,29.200000000000145
32.700000000000195,29.300000000000146,29.300000000000146
32.800000000000196,29.400000000000148,29.400000000000148
32.9000000000002,29.50000000000015,29.50000000000015
33.0000000000002,29.60000000000015,29.60000000000015
33.1000000000002,29.700000000000152,29.700000000000152
33.2000000000002,29.800000000000153,29.800000000000153
33.3000000000002,29.900000000000155,29.900000000000155
33.400000000000205,30.000000000000156,30.000000000000156
33.500000000000206,30.100000000000158,30.100000000000158
33.60000000000021,30.20000000000016,30.20000000000016
33.70000000000021,30.30000000000016,30.30000000000016
33.80000000000021,30.400000000000162,30.400000000000162
33.90000000000021,30.500000000000163,30.500000000000163
34.00000000000021,30.600000000000165,30.600000000000165
34.100000000000215,30.700000000000166,30.700000000000166
34.200000000000216,30.800000000000168,30.800000000000168
34.30000000000022,30.90000000000017,30.90000000000017
34.40000000000022,31.00000000000017,31.00000000000017
34.50000000000022,31.100000000000172,31.100000000000172
34.60000000000022,31.200000000000173,31.200000000000173
34.70000000000022,31.300000000000175,31.300000000000175
34.800000000000225,31.400000000000176,31.400000000000176
34.900000000000226,31.500000000000178,31.500000000000178
35.00000000000023,31.60000000000018,31.60000000000018
35.10000000000023,31.70000000000018,31.70000000000018
35.20000000000023,31.800000000000182,31.800000000000182
35.30000000000023,31.900000000000183,31.900000000000183
35.40000000000023,32.000000000000185,32.000000000000185
35.500000000000234,32.100000000000186,32.100000000000186
35.600000000000236,32.20000000000019,32.20000000000019
35.70000000000024,32.30000000000019,32.30000000000019
35.80000000000024,32.40000000000019,32.40000000000019
35.90000000000024,32.50000000000019,32.50000000000019
36.00000000000024,32.60000000000019,32.60000000000019
36.10000000000024,32.700000000000195,32.700000000000195
36.200000000000244,32.800000000000196,32.800000000000196
36.300000000000246,32.9000000000002,32.9000000000002
36.40000000000025,33.0000000000002,33.0000000000002
36.50000000000025,33.1000000000002,33.1000000000002
36.60000000000025,33.2000000000002,33.2000000000002
36.70000000000025,33.3000000000002,33.3000000000002
36.80000000000025,33.400000000000205,33.400000000000205
36.900000000000254,33.500000000000206,33.500000000000206
37.000000000000256,33.60000000000021,33.60000000000021
37.10000000000026,33.70000000000021,33.70000000000021
37.20000000000026,33.80000000000021,33.80000000000021
37.30000000000026,33.90000000000021,33.90000000000021
37.40000000000026,34.00000000000021,34.00000000000021
37.50000000000026,34.100000000000215,34.100000000000215
37.600000000000264,34.200000000000216,34.200000000000216
37.700000000000266,34.30000000000022,34.30000000000022
37.80000000000027,34.40000000000022,34.40000000000022
37.90000000000027,34.50000000000022,34.50000000000022
38.00000000000027,34.60000000000022,34.60000000000022
38.10000000000027,34.70000000000022,34.70000000000022
38.20000000000027,34.800000000000225,34.800000000000225
38.300000000000274,34.900000000000226,34.900000000000226
38.400000000000276,35.00000000000023,35.00000000000023
38.50000000000028,35.10000000000023,35.10000000000023
38.60000000000028,35.20000000000023,35.20000000000023
38.70000000000028,35.30000000000023,35.30000000000023
38.80000000000028,35.40000000000023,35.40000000000023
38.90000000000028,35.500000000000234,35.500000000000234
39.000000000000284,35.600000000000236,35.600000000000236
39.100000000000286,35.70000000000024,35.70000000000024
39.20000000000029,35.80000000000024,35.80000000000024
39.30000000000029,35.90000000000024,35.90000000000024
39.40000000000029,36.00000000000024,36.00000000000024
39.50000000000029,36.10000000000024,36.10000000000024
39.60000000000029,36.200000000000244,36.200000000000244
39.700000000000294,36.300000000000246,36.300000000000246
39.800000000000296,36.40000000000025,36.40000000000025
39.9000000000003,36.50000000000025,36.50000000000025
40.0000000000003,36.60000000000025,36.60000000000025
40.1000000000003,36.70000000000025,36.70000000000025
40.2000000000003,36.80000000000025,36.80000000000025
40.3000000000003,36.900000000000254,36.900000000000254
40.400000000000304,37.000000000000256,37.000000000000256
40.500000000000306,37.10000000000026,37.10000000000026
40.60000000000031,37.20000000000026,37.20000000000026
40.70000000000031,37.30000000000026,37.30000000000026
40.80000000000031,37.40000000000026,37.40000000000026
40.90000000000031,37.50000000000026,37.50000000000026
41.00000000000031,37.600000000000264,37.600000000000264
41.100000000000314,37.700000000000266,37.700000000000266
41.200000000000315,37.80000000000027,37.80000000000027
41.30000000000032,37.90000000000027,37.90000000000027
41.40000000000032,38.00000000000027,38.00000000000027
41.50000000000032,38.10000000000027,38.10000000000027
41.60000000000032,38.20000000000027,38.20000000000027
41.70000000000032,38.300000000000274,38.300000000000274
41.800000000000324,38.400000000000276,38.400000000000276
41.900000000000325,38.50000000000028,38.50000000000028
42.00000000000033,38.60000000000028,38.60000000000028
42.10000000000033,38.70000000000028,38.70000000000028
42.20000000000033,38.80000000000028,38.80000000000028
42.30000000000033,38.90000000000028,38.90000000000028
42.40000000000033,39.000000000000284,39.000000000000284
42.500000000000334,39.100000000000286,39.100000000000286
42.600000000000335,39.20000000000029,39.20000000000029
42.70000000000034,39.30000000000029,39.30000000000029
42.80000000000034,39.40000000000029,39.40000000000029
42.90000000000034,39.50000000000029,39.50000000000029
43.00000000000034,39.60000000000029,39.60000000000029
43.10000000000034,39.700000000000294,39.700000000000294
43.200000000000344,39.800000000000296,39.800000000000296
43.300000000000345,39.9000000000003,39.9000000000003
43.40000000000035,40.0000000000003,40.0000000000003
43.50000000000035,40.1000000000003,40.1000000000003
43.60000000000035,40.2000000000003,40.2000000000003
43.70000000000035,40.3000000000003,40.3000000000003
43.80000000000035,40.400000000000304,40.400000000000304
43.900000000000354,40.500000000000306,40.500000000000306
44.000000000000355,40.60000000000031,40.60000000000031
44.10000000000036,40.70000000000031,40.70000000000031
44.20000000000036,40.80000000000031,40.80000000000031
44.30000000000036,40.90000000000031,40.90000000000031
44.40000000000036,41.00000000000031,41.00000000000031
44.50000000000036,41.100000000000314,41.100000000000314
44.600000000000364,41.200000000000315,41.200000000000315
44.700000000000365,41.30000000000032,41.30000000000032
44.80000000000037,41.40000000000032,41.40000000000032
44.90000000000037,41.50000000000032,41.50000000000032
45.00000000000037,41.60000000000032,41.60000000000032
45.10000000000037,41.70000000000032,41.70000000000032
45.20000000000037,41.800000000000324,41.800000000000324
45.300000000000374,41.900000000000325,41.900000000000325
45.400000000000375,42.00000000000033,42.00000000000033
45.50000000000038,42.10000000000033,42.10000000000033
45.60000000000038,42.20000000000033,42.20000000000033
45.70000000000038,42.30000000000033,42.30000000000033
45.80000000000038,42.40000000000033,42.40000000000033
45.90000000000038,42.500000000000334,42.500000000000334
46.000000000000384,42.600000000000335,42.600000000000335
46.100000000000385,42.70000000000034,42.70000000000034
46.20000000000039,42.80000000000034,42.80000000000034
46.30000000000039,42.90000000000034,42.90000000000034
46.40000000000039,43.00000000000034,43.00000000000034
46.50000000000039,43.10000000000034,43.10000000000034
46.60000000000039,43.200000000000344,43.200000000000344
46.700000000000394,43.300000000000345,43.300000000000345
46.800000000000395,43.40000000000035,43.40000000000035
46.9000000000004,43.50000000000035,43.50000000000035
47.0000000000004,43.60000000000035,43.60000000000035
47.1000000000004,43.70000000000035,43.70000000000035
47.2000000000004,43.80000000000035,43.80000000000035
47.3000000000004,43.900000000000354,43.900000000000354
47.400000000000404,44.000000000000355,44.000000000000355
47.500000000000405,44.10000000000036,44.10000000000036
47.600000000000406,44.20000000000036,44.20000000000036
47.70000000000041,44.30000000000036,44.30000000000036
47.80000000000041,44.40000000000036,44.40000000000036
47.90000000000041,44.50000000000036,44.50000000000036
48.00000000000041,44.600000000000364,44.600000000000364
48.10000000000041,44.700000000000365,44.700000000000365
48.200000000000415,44.80000000000037,44.80000000000037
48.300000000000416,44.90000000000037,44.90000000000037
48.40000000000042,45.00000000000037,45.00000000000037
48.50000000000042,45.10000000000037,45.10000000000037
48.60000000000042,45.20000000000037,45.20000000000037
48.70000000000042,45.300000000000374,45.300000000000374
48.80000000000042,45.400000000000375,45.400000000000375
48.900000000000425,45.50000000000038,45.50000000000038
49.000000000000426,45.60000000000038,45.60000000000038
49.10000000000043,45.70000000000038,45.70000000000038
49.20000000000043,45.80000000000038,45.80000000000038
49.30000000000043,45.90000000000038,45.90000000000038
49.40000000000043,46.000000000000384,46.000000000000384
49.50000000000043,46.100000000000385,46.100000000000385
49.600000000000435,46.20000000000039,46.20000000000039
49.700000000000436,46.30000000000039,46.30000000000039
49.80000000000044,46.40000000000039,46.40000000000039
49.90000000000044,46.50000000000039,46.50000000000039
50.00000000000044,46.60000000000039,46.60000000000039
50.10000000000044,46.700000000000394,46.700000000000394
50.20000000000044,46.800000000000395,46.800000000000395
50.300000000000445,46.9000000000004,46.9000000000004
50.400000000000446,47.0000000000004,47.0000000000004
50.50000000000045,47.1000000000004,47.1000000000004
50.60000000000045,47.2000000000004,47.2000000000004
50.70000000000045,47.3000000000004,47.3000000000004
50.80000000000045,47.400000000000404,47.400000000000404
50.90000000000045,47.500000000000405,47.500000000000405
51.000000000000455,47.600000000000406,47.600000000000406
51.100000000000456,47.70000000000041,47.70000000000041
51.20000000000046,47.80000000000041,47.80000000000041
51.30000000000046,47.90000000000041,47.90000000000041
51.40000000000046,48.00000000000041,48.00000000000041
51.50000000000046,48.10000000000041,48.10000000000041
51.60000000000046,48.200000000000415,48.200000000000415
51.700000000000465,48.300000000000416,48.300000000000416
51.800000000000466,48.40000000000042,48.40000000000042
51.90000000000047,48.50000000000042,48.50000000000042
52.00000000000047,48.60000000000042,48.60000000000042
52.10000000000047,48.70000000000042,48.70000000000042
52.20000000000047,48.80000000000042,48.80000000000042
52.30000000000047,48.900000000000425,48.900000000000425
52.400000000000475,49.000000000000426,49.000000000000426
52.500000000000476,49.10000000000043,49.10000000000043
52.60000000000048,49.20000000000043,49.20000000000043
52.70000000000048,49.30000000000043,49.30000000000043
52.80000000000048,49.40000000000043,49.40000000000043
52.90000000000048,49.50000000000043,49.50000000000043
53.00000000000048,49.600000000000435,49.600000000000435
53.100000000000485,49.700000000000436,49.700000000000436
53.200000000000486,49.80000000000044,49.80000000000044
53.30000000000049,49.90000000000044,49.90000000000044
53.40000000000049,50.00000000000044,50.0
53.50000000000049,50.10000000000044,50.0
53.60000000000049,50.20000000000044,50.0
53.70000000000049,50.300000000000445,50.0
53.800000000000495,50.400000000000446,50.0
53.900000000000496,50.50000000000045,50.0
54.0000000000005,50.60000000000045,50.0
54.1000000000005,50.70000000000045,50.0
54.2000000000005,50.80000000000045,50.0
54.3000000000005,50.90000000000045,50.0
54.4000000000005,51.000000000000455,50.0
54.500000000000504,51.100000000000456,50.0
54.600000000000506,51.20000000000046,50.0
54.70000000000051,51.30000000000046,50.0
54.80000000000051,51.40000000000046,50.0
54.90000000000051,51.50000000000046,50.0
55.00000000000051,51.60000000000046,50.0
55.10000000000051,51.700000000000465,50.0
55.200000000000514,51.800000000000466,50.0
55.300000000000516,51.90000000000047,50.0
55.40000000000052,52.00000000000047,50.0
55.50000000000052,52.10000000000047,50.0
55.60000000000052,52.20000000000047,50.0
55.70000000000052,52.30000000000047,50.0
55.80000000000052,52.400000000000475,50.0
55.900000000000524,52.500000000000476,50.0
56.000000000000526,52.60000000000048,50.0
56.10000000000053,52.70000000000048,50.0
56.20000000000053,52.80000000000048,50.0
56.30000000000053,52.90000000000048,50.0
56.40000000000053,53.00000000000048,50.0
56.50000000000053,53.100000000000485,50.0
56.600000000000534,53.200000000000486,50.0
56.700000000000536,53.30000000000049,50.0
56.80000000000054,53.40000000000049,50.0
56.90000000000054,53.50000000000049,50.0
57.00000000000054,53.60000000000049,50.0
57.10000000000054,53.70000000000049,50.0
57.20000000000054,53.800000000000495,50.0
57.300000000000544,53.900000000000496,50.0
57.400000000000546,54.0000000000005,50.0
57.50000000000055,54.1000000000005,50.0
57.60000000000055,54.2000000000005,50.0
57.70000000000055,54.3000000000005,50.0
57.80000000000055,54.4000000000005,50.0
57.90000000000055,54.500000000000504,50.0
58.000000000000554,54.600000000000506,50.0
58.100000000000556,54.70000000000051,50.0
58.20000000000056,54.80000000000051,50.0
58.30000000000056,54.90000000000051,50.0
58.40000000000056,55.00000000000051,50.0
58.50000000000056,55.10000000000051,50.0
58.60000000000056,55.200000000000514,50.0
58.700000000000564,55.300000000000516,50.0
58.800000000000566,55.40000000000052,50.0
58.90000000000057,55.50000000000052,50.0
59.00000000000057,55.60000000000052,50.0
59.10000000000057,55.70000000000052,50.0
59.20000000000057,55.80000000000052,50.0
59.30000000000057,55.900000000000524,50.0
59.400000000000574,56.000000000000526,50.0
59.500000000000576,56.10000000000053,50.0
59.60000000000058,56.20000000000053,50.0
59.70000000000058,56.30000000000053,50.0
59.80000000000058,56.40000000000053,50.0
59.90000000000058,56.50000000000053,50.0
60.00000000000058,56.600000000000534,50.0
60.100000000000584,56.700000000000536,50.0
60.200000000000585,56.80000000000054,50.0
60.30000000000059,56.90000000000054,50.0
60.40000000000059,57.00000000000054,50.0
60.50000000000059,57.10000000000054,50.0
60.60000000000059,57.20000000000054,50.0
60.70000000000059,57.300000000000544,50.0
60.800000000000594,57.400000000000546,50.0
60.900000000000595,57.50000000000055,50.0
61.0000000000006,57.60000000000055,50.0
61.1000000000006,57.70000000000055,50.0
61.2000000000006,57.80000000000055,50.0
61.3000000000006,57.90000000000055,50.0
61.4000000000006,58.000000000000554,50.0
61.500000000000604,58.100000000000556,50.0
61.600000000000605,58.20000000000056,50.0
61.70000000000061,58.30000000000056,50.0
61.80000000000061,58.40000000000056,50.0
61.90000000000061,58.50000000000056,50.0
62.00000000000061,58.60000000000056,50.0
62.10000000000061,58.700000000000564,50.0
62.200000000000614,58.800000000000566,50.0
62.300000000000615,58.90000000000057,50.0
62.40000000000062,59.00000000000057,50.0
62.50000000000062,59.10000000000057,50.0
62.60000000000062,59.20000000000057,50.0
62.70000000000062,59.30000000000057,50.0
62.80000000000062,59.400000000000574,50.0
62.900000000000624,59.500000000000576,50.0
63.000000000000625,59.60000000000058,50.0
63.10000000000063,59.70000000000058,50.0
63.20000000000063,59.80000000000058,50.0
63.30000000000063,59.90000000000058,50.0
63.40000000000063,60.00000000000058,50.0
63.50000000000063,60.100000000000584,50.0
63.600000000000634,60.200000000000585,50.0
63.700000000000635,60.30000000000059,50.0
63.80000000000064,60.40000000000059,50.0
63.90000000000064,60.50000000000059,50.0
64.00000000000064,60.60000000000059,50.0
64.10000000000063,60.70000000000059,50.0
64.20000000000063,60.800000000000594,50.0
64.30000000000062,60.900000000000595,50.0
64.40000000000062,61.0000000000006,50.0
64.50000000000061,61.1000000000006,50.0
64.6000000000006,61.2000000000006,50.0
64.7000000000006,61.3000000000006,50.0
64.8000000000006,61.4000000000006,50.0
64.90000000000059,61.500000000000604,50.0
65.00000000000058,61.600000000000605,50.0
65.10000000000058,61.70000000000061,50.0
65.20000000000057,61.80000000000061,50.0
65.30000000000057,61.90000000000061,50.0
65.40000000000056,62.00000000000061,50.0
65.50000000000055,62.10000000000061,50.0
65.60000000000055,62.200000000000614,50.0
65.70000000000054,62.300000000000615,50.0
65.80000000000054,62.40000000000062,50.0
65.90000000000053,62.50000000000062,50.0
66.00000000000053,62.60000000000062,50.0
66.10000000000052,62.70000000000062,50.0
66.20000000000051,62.80000000000062,50.0
66.30000000000051,62.900000000000624,50.0
66.4000000000005,63.000000000000625,50.0
66.5000000000005,63.10000000000063,50.0
66.60000000000049,63.20000000000063,50.0
66.70000000000049,63.30000000000063,50.0
66.80000000000048,63.40000000000063,50.0
66.90000000000047,63.50000000000063,50.0
67.00000000000047,63.600000000000634,50.0
67.10000000000046,63.700000000000635,50.0
67.20000000000046,63.80000000000064,50.0
67.30000000000045,63.90000000000064,50.0
67.40000000000045,64.00000000000064,50.0
67.50000000000044,64.10000000000063,50.0
67.60000000000043,64.20000000000063,50.0
67.70000000000043,64.30000000000062,50.0
67.80000000000042,64.40000000000062,50.0
67.90000000000042,64.50000000000061,50.0
68.00000000000041,64.6000000000006,50.0
68.1000000000004,64.7000000000006,50.0
68.2000000000004,64.8000000000006,50.0
68.3000000000004,64.90000000000059,50.0
68.40000000000039,65.00000000000058,50.0
68.50000000000038,65.10000000000058,50.0
68.60000000000038,65.20000000000057,50.0
68.70000000000037,65.30000000000057,50.0
68.80000000000037,65.40000000000056,50.0
68.90000000000036,65.50000000000055,50.0
69.00000000000036,65.60000000000055,50.0
69.10000000000035,65.70000000000054,50.0
69.20000000000034,65.80000000000054,50.0
69.30000000000034,65.90000000000053,50.0
69.40000000000033,66.00000000000053,50.0
69.50000000000033,66.10000000000052,50.0
69.60000000000032,66.20000000000051,50.0
69.70000000000032,66.30000000000051,50.0
69.80000000000031,66.4000000000005,50.0
69.9000000000003,66.5000000000005,50.0
70.0000000000003,66.60000000000049,50.0
70.10000000000029,66.70000000000049,50.0
70.20000000000029,66.80000000000048,50.0
70.30000000000028,66.90000000000047,50.0
70.40000000000028,67.00000000000047,50.0
70.50000000000027,67.10000000000046,50.0
70.60000000000026,67.20000000000046,50.0
70.70000000000026,67.30000000000045,50.0
70.80000000000025,67.40000000000045,50.0
70.90000000000025,67.50000000000044,50.0
71.00000000000024,67.60000000000043,50.0
71.10000000000024,67.70000000000043,50.0
71.20000000000023,67.80000000000042,50.0
71.30000000000022,67.90000000000042,50.0
71.40000000000022,68.00000000000041,50.0
71.50000000000021,68.1000000000004,50.0
71.60000000000021,68.2000000000004,50.0
71.7000000000002,68.3000000000004,50.0
71.8000000000002,68.40000000000039,50.0
71.90000000000019,68.50000000000038,50.0
72.00000000000018,68.60000000000038,50.0
72.10000000000018,68.70000000000037,50.0
72.20000000000017,68.80000000000037,50.0
72.30000000000017,68.90000000000036,50.0
72.40000000000016,69.00000000000036,50.0
72.50000000000016,69.10000000000035,50.0
72.60000000000015,69.20000000000034,50.0
72.70000000000014,69.30000000000034,50.0
72.80000000000014,69.40000000000033,50.0
72.90000000000013,69.50000000000033,50.0
73.00000000000013,69.60000000000032,50.0
73.10000000000012,69.70000000000032,50.0
73.20000000000012,69.80000000000031,50.0
73.30000000000011,69.9000000000003,50.0
73.4000000000001,70.0000000000003,50.0
73.5000000000001,70.10000000000029,50.0
73.6000000000001,70.20000000000029,50.0
73.70000000000009,70.30000000000028,50.0
73.80000000000008,70.40000000000028,50.0
73.90000000000008,70.50000000000027,50.0
74.00000000000007,70.60000000000026,50.0
74.10000000000007,70.70000000000026,50.0
74.20000000000006,70.80000000000025,50.0
74.30000000000005,70.90000000000025,50.0
74.40000000000005,71.00000000000024,50.0
74.50000000000004,71.10000000000024,50.0
74.60000000000004,71.20000000000023,50.0
74.70000000000003,71.30000000000022,50.0
74.80000000000003,71.40000000000022,50.0
74.90000000000002,71.50000000000021,50.0
75.00000000000001,71.60000000000021,50.0
75.10000000000001,71.7000000000002,50.0
75.2,71.8000000000002,50.0
75.3,71.90000000000019,50.0
75.39999999999999,72.00000000000018,50.0
75.49999999999999,72.10000000000018,50.0
75.59999999999998,72.20000000000017,50.0
75.69999999999997,72.30000000000017,50.0
75.79999999999997,72.40000000000016,50.0
75.89999999999996,72.50000000000016,50.0
75.99999999999996,72.60000000000015,50.0
76.09999999999995,72.70000000000014,50.0
76.19999999999995,72.80000000000014,50.0
76.29999999999994,72.90000000000013,50.0
76.39999999999993,73.00000000000013,50.0
76.49999999999993,73.10000000000012,50.0
76.59999999999992,73.20000000000012,50.0
76.69999999999992,73.30000000000011,50.0
76.79999999999991,73.4000000000001,50.0
76.8999999999999,73.5000000000001,50.0
76.9999999999999,73.6000000000001,50.0
77.0999999999999,73.70000000000009,50.0
77.19999999999989,73.80000000000008,50.0
77.29999999999988,73.90000000000008,50.0
77.39999999999988,74.00000000000007,50.0
77.49999999999987,74.10000000000007,50.0
77.59999999999987,74.20000000000006,50.0
77.69999999999986,74.30000000000005,50.0
77.79999999999986,74.40000000000005,50.0
77.89999999999985,74.50000000000004,50.0
77.99999999999984,74.60000000000004,50.0
78.09999999999984,74.70000000000003,50.0
78.19999999999983,74.80000000000003,50.0
78.29999999999983,74.90000000000002,50.0
78.39999999999982,75.00000000000001,50.0
78.49999999999982,75.10000000000001,50.0
78.59999999999981,75.2,50.0
78.6999999999998,75.3,50.0
78.7999999999998,75.39999999999999,50.0
78.89999999999979,75.49999999999999,50.0
78.99999999999979,75.59999999999998,50.0
79.09999999999978,75.69999999999997,50.0
79.19999999999978,75.79999999999997,50.0
79.29999999999977,75.89999999999996,50.0
79.39999999999976,75.99999999999996,50.0
79.49999999999976,76.09999999999995,50.0
79.59999999999975,76.19999999999995,50.0
79.69999999999975,76.29999999999994,50.0
79.79999999999974,76.39999999999993,50.0
79.89999999999974,76.49999999999993,50.0
79.99999999999973,76.59999999999992,50.0
80.09999999999972,76.69999999999992,50.0
80.19999999999972,76.79999999999991,50.0
80.29999999999971,76.8999999999999,50.0
80.39999999999971,76.9999999999999,50.0
80.4999999999997,77.0999999999999,50.0
80.5999999999997,77.19999999999989,50.0
80.69999999999969,77.29999999999988,50.0
80.79999999999968,77.39999999999988,50.0
80.89999999999968,77.49999999999987,50.0
80.99999999999967,77.59999999999987,50.0
81.09999999999967,77.69999999999986,50.0
81.19999999999966,77.79999999999986,50.0
81.29999999999966,77.89999999999985,50.0
81.39999999999965,77.99999999999984,50.0
81.49999999999964,78.09999999999984,50.0
81.59999999999964,78.19999999999983,50.0
81.69999999999963,78.29999999999983,50.0
81.79999999999963,78.39999999999982,50.0
81.89999999999962,78.49999999999982,50.0
81.99999999999962,78.59999999999981,50.0
82.09999999999961,78.6999999999998,50.0
82.1999999999996,78.7999999999998,50.0
82.2999999999996,78.89999999999979,50.0
82.3999999999996,78.99999999999979,50.0
82.49999999999959,79.09999999999978,50.0
82.59999999999958,79.19999999999978,50.0
82.69999999999958,79.29999999999977,50.0
82.79999999999957,79.39999999999976,50.0
82.89999999999957,79.49999999999976,50.0
82.99999999999956,79.59999999999975,50.0
83.09999999999955,79.69999999999975,50.0
83.19999999999955,79.79999999999974,50.0
83.29999999999954,79.89999999999974,50.0
83.39999999999954,79.99999999999973,50.0
83.49999999999953,80.0,50.0
83.59999999999953,80.0,50.0
83.69999999999952,80.0,50.0
83.79999999999951,80.0,50.0
83.89999999999951,80.0,50.0
83.9999999999995,80.0,50.0
84.0999999999995,80.0,50.0
84.19999999999949,80.0,50.0
84.29999999999949,80.0,50.0
84.39999999999948,80.0,50.0
84.49999999999947,80.0,50.0
84.59999999999947,80.0,50.0
84.69999999999946,80.0,50.0
84.79999999999946,80.0,50.0
84.89999999999945,80.0,50.0
84.99999999999945,80.0,50.0
85.09999999999944,80.0,50.0
85.19999999999943,80.0,50.0
85.29999999999943,80.0,50.0
85.39999999999942,80.0,50.0
85.49999999999942,80.0,50.0
85.59999999999941,80.0,50.0
85.6999999999994,80.0,50.0
85.7999999999994,80.0,50.0
85.8999999999994,80.0,50.0
85.99999999999939,80.0,50.0
86.09999999999938,80.0,50.0
86.19999999999938,80.0,50.0
86.29999999999937,80.0,50.0
86.39999999999937,80.0,50.0
86.49999999999936,80.0,50.0
86.59999999999935,80.0,50.0
86.69999999999935,80.0,50.0
86.79999999999934,80.0,50.0
86.89999999999934,80.0,50.0
86.99999999999933,80.0,50.0
87.09999999999933,80.0,50.0
87.19999999999932,80.0,50.0
87.29999999999932,80.0,50.0
87.39999999999931,80.0,50.0
87.4999999999993,80.0,50.0
87.5999999999993,80.0,50.0
87.69999999999929,80.0,50.0
87.79999999999929,80.0,50.0
87.89999999999928,80.0,50.0
87.99999999999928,80.0,50.0
88.09999999999927,80.0,50.0
88.19999999999926,80.0,50.0
88.29999999999926,80.0,50.0
88.39999999999925,80.0,50.0
88.49999999999925,80.0,50.0
88.59999999999924,80.0,50.0
88.69999999999924,80.0,50.0
88.79999999999923,80.0,50.0
88.89999999999922,80.0,50.0
88.99999999999922,80.0,50.0
89.09999999999921,80.0,50.0
89.1999999999992,80.0,50.0
89.2999999999992,80.0,50.0
89.3999999999992,80.0,50.0
89.49999999999919,80.0,50.0
89.59999999999918,79.95,49.95
89.69999999999918,79.9,49.900000000000006
89.79999999999917,79.85000000000001,49.85000000000001
89.89999999999917,79.80000000000001,49.80000000000001
89.99999999999916,79.75000000000001,49.750000000000014
90.09999999999916,79.70000000000002,49.70000000000002
90.19999999999915,79.65000000000002,49.65000000000002
90.29999999999914,79.60000000000002,49.60000000000002
90.39999999999914,79.55000000000003,49.550000000000026
90.49999999999913,79.50000000000003,49.50000000000003
90.59999999999913,79.45000000000003,49.45000000000003
90.69999999999912,79.40000000000003,49.400000000000034
90.79999999999912,79.35000000000004,49.35000000000004
90.89999999999911,79.30000000000004,49.30000000000004
90.9999999999991,79.25000000000004,49.25000000000004
91.0999999999991,79.20000000000005,49.200000000000045
91.1999999999991,79.15000000000005,49.15000000000005
91.29999999999909,79.10000000000005,49.10000000000005
91.39999999999908,79.05000000000005,49.050000000000054
91.49999999999908,79.00000000000006,49.00000000000006
91.59999999999907,78.95000000000006,48.95000000000006
91.69999999999906,78.90000000000006,48.90000000000006
91.79999999999906,78.85000000000007,48.850000000000065
91.89999999999905,78.80000000000007,48.80000000000007
91.99999999999905,78.75000000000007,48.75000000000007
92.09999999999904,78.70000000000007,48.700000000000074
92.19999999999904,78.65000000000008,48.65000000000008
92.29999999999903,78.60000000000008,48.60000000000008
92.39999999999903,78.55000000000008,48.55000000000008
92.49999999999902,78.50000000000009,48.500000000000085
92.59999999999901,78.45000000000009,48.45000000000009
92.69999999999901,78.40000000000009,48.40000000000009
92.799999999999,78.3500000000001,48.350000000000094
92.899999999999,78.3000000000001,48.3000000000001
92.99999999999899,78.2500000000001,48.2500000000001
93.09999999999899,78.2000000000001,48.2000000000001
93.19999999999898,78.1500000000001,48.150000000000105
93.29999999999897,78.10000000000011,48.10000000000011
93.39999999999897,78.05000000000011,48.05000000000011
93.49999999999896,78.00000000000011,48.000000000000114
93.59999999999896,77.95000000000012,47.95000000000012
93.69999999999895,77.90000000000012,47.90000000000012
93.79999999999895,77.85000000000012,47.85000000000012
93.89999999999894,77.80000000000013,47.800000000000125
93.99999999999893,77.75000000000013,47.75000000000013
94.09999999999893,77.70000000000013,47.70000000000013
94.19999999999892,77.65000000000013,47.650000000000134
94.29999999999892,77.60000000000014,47.600000000000136
94.39999999999891,77.55000000000014,47.55000000000014
94.4999999999989,77.50000000000014,47.50000000000014
94.5999999999989,77.45000000000014,47.450000000000145
94.6999999999989,77.40000000000015,47.40000000000015
94.79999999999889,77.35000000000015,47.35000000000015
94.89999999999888,77.30000000000015,47.30000000000015
94.99999999999888,77.25000000000016,47.250000000000156
95.09999999999887,77.20000000000016,47.20000000000016
95.19999999999887,77.15000000000016,47.15000000000016
95.29999999999886,77.10000000000016,47.100000000000165
95.39999999999885,77.05000000000017,47.05000000000017
95.49999999999885,77.00000000000017,47.00000000000017
95.59999999999884,76.95000000000017,46.95000000000017
95.69999999999884,76.90000000000018,46.900000000000176
95.79999999999883,76.85000000000018,46.85000000000018
95.89999999999883,76.80000000000018,46.80000000000018
95.99999999999882,76.75000000000018,46.750000000000185
96.09999999999881,76.70000000000019,46.70000000000019
96.19999999999881,76.65000000000019,46.65000000000019
96.2999999999988,76.6000000000002,46.60000000000019
96.3999999999988,76.5500000000002,46.550000000000196
96.49999999999879,76.5000000000002,46.5000000000002
96.59999999999879,76.4500000000002,46.4500000000002
96.69999999999878,76.4000000000002,46.400000000000205
96.79999999999878,76.35000000000021,46.35000000000021
96.89999999999877,76.30000000000021,46.30000000000021
96.99999999999876,76.25000000000021,46.25000000000021
97.09999999999876,76.20000000000022,46.200000000000216
97.19999999999875,76.15000000000022,46.15000000000022
97.29999999999875,76.10000000000022,46.10000000000022
97.39999999999874,76.05000000000022,46.050000000000225
97.49999999999874,76.00000000000023,46.00000000000023
97.59999999999873,75.95000000000023,45.95000000000023
97.69999999999872,75.90000000000023,45.90000000000023
97.79999999999872,75.85000000000024,45.850000000000236
97.89999999999871,75.80000000000024,45.80000000000024
97.9999999999987,75.75000000000024,45.75000000000024
98.0999999999987,75.70000000000024,45.700000000000244
98.1999999999987,75.65000000000025,45.65000000000025
98.29999999999869,75.60000000000025,45.60000000000025
98.39999999999868,75.55000000000025,45.55000000000025
98.49999999999868,75.50000000000026,45.500000000000256
98.59999999999867,75.45000000000026,45.45000000000026
98.69999999999867,75.40000000000026,45.40000000000026
98.79999999999866,75.35000000000026,45.350000000000264
98.89999999999866,75.30000000000027,45.30000000000027
98.99999999999865,75.25000000000027,45.25000000000027
99.09999999999864,75.20000000000027,45.20000000000027
99.19999999999864,75.20000000000027,45.20000000000027
99.29999999999863,75.20000000000027,45.20000000000027
99.39999999999863,75.20000000000027,45.20000000000027
99.49999999999862,75.20000000000027,45.20000000000027
99.59999999999862,75.20000000000027,45.20000000000027
99.69999999999861,75.20000000000027,45.20000000000027
99.7999999999986,75.20000000000027,45.20000000000027
99.8999999999986,75.20000000000027,45.20000000000027
99.9999999999986,75.20000000000027,45.20000000000027
100.09999999999859,75.20000000000027,45.20000000000027
100.19999999999858,75.20000000000027,45.20000000000027
100.29999999999858,75.20000000000027,45.20000000000027
100.39999999999857,75.20000000000027,45.20000000000027
100.49999999999856,75.20000000000027,45.20000000000027
100.59999999999856,75.20000000000027,45.20000000000027
100.69999999999855,75.20000000000027,45.20000000000027
100.79999999999855,75.20000000000027,45.20000000000027
100.89999999999854,75.20000000000027,45.20000000000027
100.99999999999854,75.20000000000027,45.20000000000027
101.09999999999853,75.20000000000027,45.20000000000027
101.19999999999852,75.20000000000027,45.20000000000027
101.29999999999852,75.20000000000027,45.20000000000027
101.39999999999851,75.20000000000027,45.20000000000027
101.49999999999851,75.20000000000027,45.20000000000027
101.5999999999985,75.20000000000027,45.20000000000027
101.6999999999985,75.20000000000027,45.20000000000027
101.79999999999849,75.20000000000027,45.20000000000027
101.89999999999849,75.20000000000027,45.20000000000027
101.99999999999848,75.20000000000027,45.20000000000027
102.09999999999847,75.20000000000027,45.20000000000027
102.19999999999847,75.20000000000027,45.20000000000027
102.29999999999846,75.20000000000027,45.20000000000027
102.39999999999846,75.20000000000027,45.20000000000027
102.49999999999845,75.20000000000027,45.20000000000027
102.59999999999845,75.20000000000027,45.20000000000027
102.69999999999844,75.20000000000027,45.20000000000027
102.79999999999843,75.20000000000027,45.20000000000027
102.89999999999843,75.20000000000027,45.20000000000027
102.99999999999842,75.20000000000027,45.20000000000027
103.09999999999842,75.20000000000027,45.20000000000027
103.19999999999841,75.20000000000027,45.20000000000027
